{"job": {"content": [{"writer": {"parameter": {"dbpath": "dfs://HXDB", "userid": "admin", "tablename": "AINDEXALTERNATIVEMEMBERS", "host": "115.239.209.189", "pwd": "123456", "table": [{"type": "DT_STRING", "name": "OBJECT_ID"}, {"type": "DT_STRING", "name": "S_INFO_WINDCODE"}, {"type": "DT_STRING", "name": "S_CON_WINDCODE"}, {"type": "DT_STRING", "name": "ANN_DATE"}, {"type": "DT_DOUBLE", "name": "SEQUENCE"}, {"type": "DT_TIMESTAMP", "name": "OPDATE"}, {"type": "DT_STRING", "name": "OPMODE"}], "port": 18548}, "name": "dolphindbwriter"}, "reader": {"parameter": {"username": "WIND", "column": ["OBJECT_ID,S_INFO_WINDCODE,S_CON_WINDCODE,ANN_DATE,SEQUENCE,OPDATE,OPMODE"], "connection": [{"table": ["AINDEXALTERNATIVEMEMBERS"], "jdbcUrl": ["jdbc:oracle:thin:@115.239.209.189:21521:helowin"]}], "password": "DolphinDB123", "where": "OPMODE = 0 AND OPDATE > to_date('2020-02-16 15:22:27', 'YYYY-MM-DD HH24:MI:SS')"}, "name": "oraclereader"}}], "setting": {"speed": {"channel": 1}}}}